Word,count 
the,2452
of,1493
a,1203
i,1086
and,1054
to,972
was,673
in,667
he,584
had,503
it,497
that,437
with,423
you,373
his,334
on,324
as,302
for,299
at,275
not,266
me,249
my,247
him,222
this,220
but,217
there,203
all,199
an,184
or,178
by,166
no,163
they,159
were,156
out,154
we,154
is,149
be,144
from,137
would,133
one,133
said,131
have,126
very,126
been,123
like,119
what,117
up,113
so,112
could,111
man,108
some,101
kurtz,100
if,96
see,95
then,89
know,88
did,87
their,86
any,84
project,82
about,82
more,79
she,79
time,78
her,78
into,78
work,76
when,75
too,75
its,74
them,73
over,70
which,70
seemed,69
made,67
other,64
do,64
before,64
came,63
these,63
dont,63
who,62
little,62
back,62
though,61
without,59
us,58
are,58
upon,58
only,57
than,57
looked,56
gutenbergtm,56
river,54
can,53
long,52
something,52
after,52
mr,52
well,51
men,50
must,49
eyes,49
how,49
say,48
“i,48
such,48
just,48
last,47
head,47
saw,47
down,47
heard,47
much,47
great,46
your,46
right,45
nothing,45
station,45
two,44
went,43
will,43
even,42
way,42
get,42
off,41
black,41
himself,41
under,41
got,40
now,40
manager,40
still,40
away,39
look,39
earth,38
good,38
think,38
life,38
never,38
myself,38
while,38
again,37
things,37
day,37
white,37
through,36
every,36
am,36
thing,35
first,35
left,35
being,34
voice,34
may,33
suddenly,33
come,33
enough,33
thought,32
works,32
our,32
here,31
pilgrims,31
darkness,31
old,30
ivory,30
because,30
go,29
air,29
feet,29
full,29
kind,29
perhaps,29
heart,28
stood,28
where,28
moment,28
course,28
once,27
yet,27
why,27
tell,27
oh,27
light,27
going,27
asked,27
electronic,27
lost,26
hands,26
wanted,26
looking,26
silence,26
took,26
three,26
seen,26
near,26
gutenberg,25
far,25
anything,25
within,25
began,25
face,25
lot,24
talk,24
people,24
night,24
own,24
high,24
make,24
take,24
those,24
ever,23
sometimes,23
yes,23
let,23
terms,23
should,23
keep,23
understand,23
bank,23
behind,23
place,23
forest,23
dead,23
believe,22
wilderness,22
most,22
word,22
felt,22
end,22
round,22
another,22
want,22
alone,22
give,21
water,21
below,21
hear,21
knew,21
found,21
kurtzs,21
set,20
idea,20
days,20
whole,20
each,20
foundation,20
dark,20
done,20
same,20
also,20
cried,20
many,19
gone,19
rest,19
soul,19
steamer,19
sea,18
everything,18
human,18
agreement,18
death,18
along,18
bush,18
hand,18
slowly,18
steamboat,18
whether,18
trees,18
couldnt,18
gave,18
heavy,18
together,18
itself,18
big,18
above,17
years,17
short,17
really,17
mind,17
months,17
words,17
became,17
stream,17
side,17
world,17
grass,17
coast,17
land,17
cant,17
glance,17
put,16
young,16
till,16
shore,16
either,16
appeared,16
purpose,16
low,16
speak,16
turned,16
“the,16
small,16
didnt,16
charge,15
name,15
towards,15
almost,15
license,15
nearly,15
has,15
donations,15
sat,15
amongst,15
clear,15
house,15
deck,15
remember,15
least,15
states,15
others,14
country,14
wasnt,14
stopped,14
miles,14
rivets,14
lying,14
few,14
arm,14
bit,14
shall,14
fellow,14
remained,14
sort,14
devil,14
use,14
deep,14
talked,14
ive,14
next,14
against,13
trade,13
exactly,13
however,13
kept,13
copyright,13
archive,13
between,13
afterwards,13
reason,13
imagine,13
doubt,13
door,13
truth,13
point,13
told,13
shadow,13
expression,13
tone,13
savage,13
hair,13
copy,13
since,13
body,13
given,13
literary,13
sun,12
trouble,12
used,12
waiting,12
burst,12
paragraph,12
brought,12
might,12
coming,12
else,12
past,12
mystery,12
live,12
immense,12
quite,12
shook,12
fool,12
true,12
several,12
shutter,12
paid,12
english,12
fellows,12
unless,12
care,12
empty,12
soon,12
better,12
making,11
best,11
aspect,11
ships,11
meaning,11
chap,11
rather,11
impossible,11
sound,11
free,11
beyond,11
both,11
red,11
arms,11
smoke,11
dear,11
forth,11
part,11
sight,11
information,11
ebook,11
sky,11
fine,11
suppose,11
sure,11
around,11
simple,11
certain,11
quiet,11
find,11
heads,11
whisper,11
start,10
already,10
wild,10
opened,10
murmured,10
business,10
rose,10
mean,10
matter,10
agent,10
perfectly,10
danger,10
reach,10
whom,10
faces,10
legs,10
ah,10
mud,10
desire,10
“he,10
trademark,10
access,10
gloom,10
always,10
run,10
strength,10
wouldnt,10
large,10
help,10
ill,10
public,10
united,10
straight,10
sombre,10
profound,10
sense,10
vanished,10
fact,10
thats,10
sick,10
absurd,10
sorrow,10
turn,9
brooding,9
approach,9
hours,9
fog,9
ought,9
getting,9
middle,9
nose,9
altogether,9
wonder,9
sent,9
leaped,9
trying,9
snag,9
somewhere,9
hold,9
woods,9
company,9
affair,9
show,9
blue,9
feeling,9
general,9
hill,9
return,9
meant,9
evening,9
restraint,9
memory,9
ran,9
indeed,9
whose,9
savages,9
means,9
filled,9
dream,9
depths,9
living,9
fancy,9
started,9
carried,9
movement,9
new,9
lived,9
row,9
curious,9
power,9
strange,9
knowledge,9
pilothouse,9
refund,9
moved,9
closed,9
mad,9
front,9
somebody,9
noise,9
stillness,9
bottom,9
does,9
wide,9
yourself,9
agree,9
leaning,8
board,8
current,8
fire,8
existence,8
chaps,8
belief,8
road,8
women,8
quick,8
glass,8
letters,8
swayed,8
certainly,8
europe,8
patches,8
cannot,8
save,8
cry,8
besides,8
crowd,8
“and,8
ship,8
outside,8
seem,8
thoughts,8
various,8
ahead,8
later,8
simply,8
section,8
fall,8
change,8
terror,8
sunshine,8
mysterious,8
ago,8
pretty,8
try,8
tried,8
ready,8
chief,8
room,8
lifted,8
edge,8
shoulder,8
distance,8
shade,8
hut,8
open,8
person,8
murmur,8
voices,8
love,8
fear,8
state,8
form,8
domain,8
fee,8
less,8
often,8
hundred,8
ordered,8
keeping,8
received,8
fallen,8
hope,8
second,8
called,8
expected,8
attack,8
died,8
amazing,8
remarkable,8
silent,8
ones,8
aware,8
forward,8
russian,8
associated,8
laws,8
including,8
farther,7
broad,7
flash,7
feel,7
lifting,7
somehow,7
pole,7
heavens,7
lots,7
walked,7
sign,7
ominous,7
flat,7
leave,7
answered,7
flying,7
stuck,7
lips,7
nor,7
book,7
stretcher,7
provide,7
marlow,7
banks,7
places,7
slightly,7
vast,7
bad,7
makes,7
knows,7
forget,7
beautiful,7
“we,7
nowhere,7
pair,7
informed,7
struck,7
intended,7
written,7
buried,7
taken,7
ebooks,7
seaman,7
hung,7
phrase,7
appear,7
stir,7
chance,7
poor,7
anxious,7
cause,7
nobody,7
stepped,7
meet,7
progress,7
talking,7
eh,7
pain,7
sounds,7
hate,7
year,7
cut,7
forgot,7
beat,7
terrible,7
eloquence,7
writing,7
watched,7
half,7
difficult,7
comes,7
dusk,7
inside,7
running,7
taking,7
etc,7
interrupted,7
woman,7
fierce,7
sudden,7
breath,7
smile,7
whispered,7
future,7
friend,7
doorway,7
bushes,7
permission,7
distributing,7
copies,7
space,6
apparently,6
theres,6
afar,6
appears,6
happen,6
shoes,6
watch,6
speech,6
ground,6
stared,6
rifle,6
tree,6
position,6
glittering,6
ears,6
impenetrable,6
faith,6
distribution,6
comply,6
shone,6
lead,6
thinking,6
ashore,6
growing,6
city,6
wont,6
real,6
magnificent,6
pieces,6
surf,6
lay,6
frightful,6
noticed,6
hadnt,6
physical,6
nodded,6
crawled,6
phrases,6
inconceivable,6
wheel,6
justice,6
horror,6
distribute,6
stand,6
effect,6
touch,6
thus,6
read,6
cold,6
account,6
concern,6
noble,6
deal,6
glanced,6
doctor,6
evidently,6
surprised,6
science,6
possession,6
loose,6
saying,6
jungle,6
passed,6
shouted,6
hidden,6
stop,6
hanged,6
cliff,6
boiler,6
path,6
rags,6
neck,6
villages,6
intention,6
neither,6
grave,6
jove,6
creek,6
limited,6
move,6
“his,6
papers,6
“she,6
tax,6
volunteers,6
wait,6
reaches,6
ages,6
bearing,6
fell,6
glow,6
times,6
across,6
post,6
mostly,6
extraordinary,6
six,6
havent,6
surprise,6
narrow,6
desolation,6
mere,6
warning,6
piece,6
confounded,6
write,6
contact,6
bodies,6
herself,6
report,6
held,6
bent,6
plenty,6
laid,6
candle,6
foot,6
ideas,6
sheer,6
remain,6
effort,6
corner,6
case,6
helmsman,6
web,6
luminous,5
dropped,5
memories,5
goes,5
served,5
elbow,5
become,5
using,5
notion,5
probably,5
offered,5
pale,5
spot,5
vague,5
thirty,5
mouth,5
exclaimed,5
slope,5
chain,5
strolled,5
hot,5
hole,5
shadows,5
vision,5
appearance,5
goods,5
sixty,5
money,5
fence,5
pronounced,5
perceived,5
shape,5
sleeping,5
during,5
thick,5
wood,5
curtain,5
muttered,5
abreast,5
stare,5
official,5
particular,5
owner,5
cost,5
wind,5
bound,5
fit,5
marked,5
camp,5
clothes,5
administration,5
blank,5
silly,5
street,5
stick,5
need,5
cleared,5
everybody,5
standing,5
table,5
note,5
notice,5
expect,5
whistle,5
glitter,5
steam,5
uniform,5
reality,5
belonged,5
thin,5
despair,5
speaking,5
sunlight,5
complete,5
broken,5
hard,5
charm,5
manner,5
solitude,5
sleep,5
absolutely,5
surrounded,5
special,5
hopeless,5
supposed,5
wretched,5
sigh,5
wall,5
confidence,5
mass,5
serious,5
struggled,5
pages,5
thrown,5
roof,5
method,5
party,5
posted,5
replacement,5
anyone,5
mournful,5
greatest,5
four,5
home,5
names,5
continent,5
worth,5
accepted,5
call,5
hurry,5
mission,5
boy,5
“you,5
natives,5
spear,5
companys,5
slipped,5
walls,5
assured,5
“one,5
shed,5
brother,5
flame,5
screech,5
pitiless,5
shapes,5
extreme,5
rang,5
invasion,5
incredible,5
collection,5
riverside,5
appeal,5
anybody,5
kicked,5
close,5
fright,5
teeth,5
admit,5
cautiously,5
possible,5
bright,5
tobacco,5
“project,5
gutenberg”,5
compliance,5
medium,5
calm,5
director,5
immensity,5
upper,5
minute,5
proud,5
plain,5
eat,5
drink,5
flies,5
awful,5
blind,5
broke,5
met,5
original,5
tall,5
wool,5
swift,5
warm,5
natural,5
mine,5
followed,5
forehead,5
niggers,5
bare,5
faint,5
morning,5
opening,5
fantastic,5
flowed,5
listened,5
judged,5
ruined,5
uncle,5
example,5
fate,5
overboard,5
hunger,5
doing,5
pure,5
lake,5
shoot,5
1e1,5
produced,4
swung,4
gleams,4
motionless,4
bones,4
dull,4
leading,4
ends,4
known,4
unknown,4
inscrutable,4
colour,4
stores,4
decent,4
trader,4
utter,4
midst,4
happened,4
throw,4
particularly,4
finger,4
scattered,4
glorious,4
creature,4
opportunity,4
houses,4
chair,4
cat,4
hat,4
jacket,4
notes,4
interesting,4
excellent,4
gifted,4
rush,4
showed,4
fever,4
nightmares,4
naked,4
send,4
tied,4
knees,4
managed,4
floor,4
added,4
armed,4
becoming,4
staves,4
common,4
genius,4
hungry,4
opinion,4
rotten,4
blew,4
occurred,4
alluded,4
draped,4
figures,4
sticks,4
pleased,4
step,4
rolled,4
wink,4
safe,4
loss,4
signs,4
hollow,4
woodcutters,4
fires,4
unearthly,4
matters,4
action,4
eight,4
cabin,4
whites,4
im,4
brass,4
positively,4
ripple,4
appearances,4
couch,4
tribe,4
abject,4
arrows,4
bronze,4
raised,4
gift,4
beings,4
shamefully,4
beating,4
copying,4
1e8,4
individual,4
freely,4
format,4
requirements,4
additional,4
conrad,4
sunken,4
presently,4
disease,4
except,4
incomprehensible,4
pose,4
experience,4
ceased,4
remembered,4
trading,4
innumerable,4
windows,4
knitting,4
centre,4
atmosphere,4
glad,4
introducing,4
wore,4
foolish,4
wisdom,4
flung,4
enemies,4
nature,4
passage,4
considerable,4
iron,4
folly,4
asking,4
attention,4
“no,4
lank,4
hour,4
features,4
uneasiness,4
intelligence,4
repeated,4
lighted,4
heap,4
angry,4
god,4
solid,4
moral,4
approaching,4
fired,4
having,4
relief,4
patience,4
performing,4
wrong,4
catch,4
instantly,4
directly,4
whats,4
please,4
clearly,4
indistinct,4
foundations,4
editions,4
displaying,4
email,4
1f3,4
damages,4
joseph,4
anywhere,4
online,4
waterway,4
resembled,4
yellow,4
lower,4
month,4
climate,4
proper,4
flames,4
crossing,4
showing,4
regular,4
shake,4
believed,4
drove,4
influence,4
news,4
arose,4
swept,4
fat,4
slim,4
jolly,4
dim,4
impression,4
secrets,4
uneasy,4
threw,4
questions,4
assure,4
goodbye,4
commonplace,4
fringed,4
ruled,4
intense,4
earnestly,4
law,4
die,4
intolerable,4
appalling,4
unexpected,4
beads,4
correct,4
evil,4
quietly,4
sitting,4
managers,4
spoken,4
maybe,4
curiosity,4
moonlight,4
image,4
lie,4
necessity,4
week,4
leaves,4
capacity,4
glimpse,4
trip,4
single,4
sternwheel,4
lofty,4
yells,4
sentiments,4
muffled,4
honour,4
swiftly,4
late,4
loved,4
shout,4
mingled,4
following,4
permitted,4
creating,4
support,4
holder,4
fees,4
providing,4
site,4
captain,4
game,4
folds,4
west,4
waters,4
sir,4
returned,4
greatness,4
monstrous,4
destiny,4
dying,4
friends,4
devotion,4
suspect,4
pretence,4
sailor,4
map,4
snake,4
wrote,4
nigger,4
flew,4
channel,4
collected,4
remarked,4
annoyed,4
worthy,4
drowned,4
disappear,4
dangerous,4
government,4
fair,4
miserable,4
building,4
connected,4
criminals,4
nostrils,4
exalted,4
trust,4
gloomy,4
startling,4
telling,4
mans,4
splendidly,4
suspicion,4
alive,4
hoped,4
cotton,4
hardly,4
laughing,4
bed,4
stamping,4
brown,4
canoes,4
leaving,4
excessive,4
answer,4
imagined,4
stuff,4
torn,4
cipher,4
takes,4
twice,4
afraid,4
moving,4
completely,4
fossil,4
bury,4
mother,4
clearing,4
plans,4
reputation,4
contempt,4
located,4
status,4
distributed,4
provided,4
shores,3
yarns,3
cheeks,3
wooded,3
changed,3
service,3
uttermost,3
spirit,3
east,3
floated,3
casual,3
fleet,3
surrender,3
green,3
passion,3
especially,3
mighty,3
tail,3
shouldnt,3
worried,3
attempt,3
“in,3
continuously,3
chin,3
measure,3
moreover,3
question,3
individuals,3
goodness,3
soldiers,3
customhouse,3
watching,3
languid,3
boat,3
weary,3
swede,3
continued,3
projected,3
feebly,3
alike,3
devils,3
verily,3
devoted,3
planks,3
disappointment,3
gently,3
central,3
staff,3
drums,3
considered,3
kill,3
strolling,3
behaved,3
stupid,3
delays,3
caused,3
match,3
glittered,3
gang,3
confidential,3
essence,3
“,3
subtle,3
awake,3
cases,3
fill,3
weeks,3
provision,3
grunted,3
spare,3
slept,3
bend,3
capable,3
fireman,3
extravagant,3
careful,3
listening,3
gliding,3
amazed,3
pyjamas,3
properly,3
immediate,3
stretching,3
steer,3
admiration,3
presence,3
retreat,3
page,3
harm,3
emotions,3
remaining,3
sorrowful,3
unsound,3
active,3
complying,3
entity,3
4,3
equipment,3
date,3
thames,3
stretched,3
aft,3
satisfied,3
ending,3
heat,3
fro,3
bearers,3
stars,3
order,3
surroundings,3
knowing,3
slow,3
yesterday,3
accident,3
sake,3
scale,3
patiently,3
fresh,3
enthusiastic,3
hens,3
village,3
remains,3
anyhow,3
forefinger,3
grip,3
cloth,3
clerks,3
harmless,3
changes,3
mental,3
hint,3
queer,3
creation,3
pause,3
monotonous,3
colossal,3
tin,3
sordid,3
bone,3
facts,3
guns,3
extremity,3
“it,3
boxes,3
animal,3
slight,3
limbs,3
carrying,3
hillside,3
giving,3
grove,3
tearing,3
shudder,3
food,3
faintest,3
office,3
heels,3
weird,3
sit,3
inspired,3
difference,3
importance,3
futile,3
passing,3
beard,3
spears,3
bricks,3
fragment,3
hated,3
horse,3
possibly,3
influential,3
deaf,3
gaze,3
quantity,3
hippo,3
dry,3
shot,3
mess,3
agreed,3
distinct,3
scoundrel,3
patient,3
lookout,3
van,3
blow,3
spell,3
posts,3
plainly,3
gets,3
sides,3
undergrowth,3
ball,3
clamour,3
hurried,3
pink,3
winchesters,3
disappeared,3
shocked,3
pensive,3
motives,3
judgment,3
twigs,3
steamed,3
martinihenry,3
steered,3
rustled,3
follow,3
eagerly,3
ability,3
missed,3
events,3
“when,3
listen,3
glamour,3
methods,3
rebels,3
threshold,3
withdrew,3
lamp,3
victory,3
receive,3
derivative,3
paragraphs,3
user,3
payments,3
defect,3
3,3
number,3
language,3
biggest,3
complexion,3
borne,3
kings,3
worst,3
secret,3
misty,3
rigid,3
precious,3
mend,3
mysteries,3
longing,3
disgust,3
ourselves,3
fresleven,3
ribs,3
hide,3
difficulty,3
deadly,3
wearing,3
millions,3
ceremonies,3
slippers,3
visit,3
ask,3
triumphant,3
startled,3
instead,3
smiling,3
mute,3
line,3
excuse,3
tiny,3
higher,3
hanging,3
blinding,3
stretch,3
seeing,3
“they,3
act,3
phantom,3
allfours,3
buildings,3
ear,3
ten,3
peace,3
carriers,3
paths,3
carry,3
negro,3
hammock,3
stone,3
moustaches,3
agitation,3
wreck,3
usual,3
instant,3
evident,3
deplorable,3
imbecile,3
covered,3
prevent,3
shoulders,3
vegetation,3
fight,3
bear,3
apart,3
attitude,3
strode,3
bony,3
falling,3
roll,3
figure,3
“this,3
expenses,3
spoke,3
nephew,3
occur,3
sad,3
twig,3
swore,3
luckily,3
bends,3
outbreak,3
longer,3
darkly,3
caught,3
screamed,3
removed,3
shaking,3
understood,3
gifts,3
policeman,3
tears,3
vibrating,3
career,3
created,3
claim,3
smiles,3
cartridges,3
stakes,3
success,3
pulled,3
packet,3
legal,3
obtain,3
links,3
1e9,3
donate,3
efforts,3
liability,3
included,3
wwwgutenbergorg,3
march,3
character,3
anchor,3
peaked,3
rested,3
town,3
bows,3
hearts,3
exchanged,3
staring,3
mist,3
spread,3
easier,3
tale,3
fame,3
dreams,3
lights,3
generally,3
lightning,3
flicker,3
rolling,3
north,3
military,3
bundle,3
eye,3
survived,3
savagery,3
weakness,3
violence,3
offer,3
pitiful,3
charmed,3
therefore,3
supernatural,3
deserted,3
children,3
arrived,3
five,3
judge,3
french,3
walking,3
starched,3
glasses,3
careless,3
explain,3
background,3
landed,3
pleasure,3
hints,3
lean,3
file,3
partnership,3
appalled,3
discovered,3
crawl,3
eyelids,3
drawn,3
sounded,3
strings,3
built,3
extremely,3
firstclass,3
important,3
caravan,3
uproar,3
steady,3
tremor,3
tore,3
youth,3
turning,3
bewitched,3
pipe,3
driven,3
agents,3
intrusted,3
inner,3
moon,3
hauled,3
primeval,3
dumb,3
struggling,3
sentence,3
powers,3
necessary,3
tinpot,3
naturally,3
butcher,3
growled,3
halfcaste,3
nine,3
wandering,3
district,3
joy,3
infernal,3
splashing,3
crawling,3
howl,3
reading,3
inquiring,3
loud,3
accordance,3
breathe,3
wire,3
exist,3
grief,3
glaring,3
fusillade,3
warlike,3
familiar,3
beastly,3
normal,3
girl,3
unspeakable,3
necessarily,3
forgotten,3
choose,3
breast,3
beside,3
corrected,3
actually,3
eternal,3
splendid,3
tragic,3
readable,3
choice,3
drum,3
peculiar,3
darker,3
1e7,3
royalty,3
applicable,3
defective,3
disclaimer,3
warranties,3
limitation,3
whatsoever,2
judith,2
boss,2
widger,2
holding,2
forthwith,2
treasure,2
typical,2
blaze,2
wonderful,2
sandbanks,2
forests,2
promotion,2
fascination,2
powerless,2
paused,2
aggravated,2
different,2
marlows,2
homes,2
lose,2
bird,2
appointment,2
scuffle,2
chiefs,2
touched,2
fairly,2
compassionate,2
thereupon,2
developed,2
casually,2
mumbled,2
interests,2
family,2
wealth,2
du,2
cup,2
emissary,2
wear,2
sole,2
streamed,2
muscle,2
anchored,2
sixinch,2
greasy,2
lonely,2
intruders,2
contorted,2
continuous,2
scene,2
aside,2
carcass,2
rails,2
knots,2
imagination,2
uphill,2
unhappy,2
flabby,2
thousand,2
digging,2
leaf,2
earthly,2
length,2
fingers,2
collapse,2
brushed,2
native,2
“everything,2
muddle,2
yard,2
barred,2
invalid,2
annoyance,2
guard,2
errors,2
violent,2
toss,2
stationyard,2
letter,2
network,2
travelling,2
loads,2
middleaged,2
companion,2
horrors,2
walk,2
size,2
unconscious,2
seal,2
learning,2
rioted,2
sealed,2
situation,2
dismantled,2
cutting,2
twenty,2
sepulchral,2
blindfolded,2
groaned,2
crestfallen,2
scathing,2
smell,2
biting,2
absurdity,2
revolt,2
universal,2
sensible,2
value,2
spotted,2
roaming,2
nights,2
brutes,2
bald,2
waist,2
loops,2
hulk,2
headed,2
donkey,2
raid,2
themselves,2
exploring,2
audacity,2
interested,2
instructed,2
bizarre,2
trailed,2
inspiration,2
attend,2
watches,2
crew,2
hippomeat,2
beetle,2
penetrated,2
deeper,2
anguish,2
passionate,2
leaky,2
shallow,2
peer,2
creepy,2
stacked,2
towson,2
sensation,2
shouting,2
ignored,2
smooth,2
immobility,2
jump,2
multitude,2
infinite,2
arise,2
glances,2
enter,2
occasional,2
fishes,2
consequences,2
unwholesome,2
riverbank,2
appreciation,2
fabulous,2
heavily,2
afternoon,2
foreend,2
funnel,2
dropping,2
quickly,2
darted,2
squirting,2
knocked,2
wet,2
lustre,2
enveloped,2
privilege,2
vibration,2
worse,2
behold,2
consumed,2
trifle,2
region,2
sights,2
souls,2
confess,2
temptation,2
carved,2
scarlet,2
archpriest,2
curiously,2
urged,2
surely,2
risk,2
transported,2
recollection,2
suggested,2
killing,2
details,2
abilities,2
bitterly,2
jingle,2
shadowy,2
mumbling,2
convinced,2
poetry,2
senses,2
soothing,2
possibility,2
loyal,2
sharing,2
motion,2
endure,2
draw,2
intensity,2
sincerity,2
clasped,2
rushed,2
subject,2
stirring,2
pay,2
mourn,2
files,2
formats,2
owns,2
research,2
redistribution,2
promoting,2
1e,2
references,2
check,2
copied,2
“plain,2
vanilla,2
prepare,2
michael,2
breach,2
lieu,2
electronically,2
b,2
computers,2
exempt,2
s,2
david,2
sails,2
flood,2
beginning,2
interminable,2
offing,2
varnished,2
bond,2
accountant,2
begin,2
placid,2
serenity,2
speck,2
glowing,2
tranquil,2
august,2
“followed,2
sea”,2
knights,2
returning,2
torch,2
ebb,2
sedentary,2
stroll,2
lies,2
build,2
efficiency,2
force,2
conquest,2
glided,2
hesitating,2
bother,2
audience,2
seas,2
tired,2
“now,2
delightful,2
crook,2
wife,2
appointed,2
bargain,2
thunderstruck,2
kinds,2
rotting,2
askew,2
double,2
doors,2
chairs,2
waitingroom,2
secretary,2
propped,2
reposed,2
spectacles,2
“there,2
clerk,2
early,2
coat,2
smiled,2
famous,2
tea,2
penny,2
attached,2
odd,2
whispering,2
sinister,2
toil,2
comfort,2
dance,2
invaded,2
seat,2
decaying,2
steep,2
clinking,2
speedily,2
blundered,2
pretending,2
audible,2
attitudes,2
recesses,2
allowed,2
vacant,2
cuffs,2
clean,2
parasol,2
learned,2
respected,2
collars,2
buzzed,2
tradingpost,2
finished,2
fifty,2
spreading,2
thickets,2
abandoned,2
carrier,2
declared,2
rows,2
border,2
stout,2
conviction,2
sealingwax,2
chattering,2
wandered,2
sighed,2
calico,2
hooked,2
hissing,2
main,2
seems,2
anyway,2
halter,2
conceal,2
stately,2
sympathies,2
singleness,2
replied,2
assistantmanager,2
daresay,2
severely,2
rank,2
commingling,2
pockets,2
boilermaker,2
pigeons,2
“but,2
eldorado,2
courage,2
batch,2
breaking,2
sleepy,2
everlasting,2
worrying,2
sending,2
jerked,2
dugout,2
motive,2
snapping,2
improving,2
tugging,2
valuable,2
beginnings,2
overshadowed,2
moments,2
realities,2
vengeful,2
surface,2
sink,2
sweated,2
thump,2
pretend,2
cannibals,2
welcome,2
crept,2
faintly,2
break,2
chill,2
burned,2
prehistoric,2
whirl,2
inhuman,2
kinship,2
principles,2
specimen,2
polished,2
“some,2
woodpile,2
faded,2
dirty,2
towser,2
strain,2
soared,2
variety,2
trembled,2
outrageous,2
headman,2
sharp,2
paper,2
lasted,2
provisions,2
regularity,2
powerful,2
eaten,2
inexorable,2
facing,2
greater,2
wish,2
preserve,2
cripple,2
confound,2
fury,2
sway,2
campstool,2
yards,2
blood,2
checked,2
shower,2
shots,2
menacing,2
shoe,2
bewildering,2
emotion,2
favourite,2
favour,2
lunatic,2
international,2
customs,2
eloquent,2
unsteady,2
terrifying,2
supreme,2
shut,2
hip,2
shuyten,2
loneliness,2
adored,2
unexpectedly,2
symbolic,2
profitable,2
waving,2
drew,2
tawny,2
vile,2
waited,2
peeped,2
trail,2
track,2
mankind,2
breathing,2
horned,2
string,2
brain,2
greyness,2
mourning,2
protect,2
redistributing,2
intellectual,2
property,2
destroy,2
concerning,2
ascii”,2
specified,2
receipt,2
employees,2
warranty,2
costs,2
generations,2
federal,2
contributions,2
dr,2
httppglaforg,2
restrictions,2
reuse,2
title,2
tide,2
sharply,2
haze,2
gravesend,2
inland,2
gold,2
messengers,2
glare,2
foreign,2
craft,2
initiation,2
escape,2
palm,2
tackle,2
hastily,2
“true,2
resembling,2
society,2
looks,2
hook,2
charlie,2
engaged,2
son,2
desperation,2
hearing,2
population,2
panic,2
predecessor,2
gaped,2
contract,2
“a,2
shining,2
deuce,2
secretarial,2
cheery,2
unconcerned,2
formality,2
pulse,2
eagerness,2
carefully,2
share,2
pardon,2
laugh,2
adieu,2
calme,2
print,2
horrid,2
profit,2
grand,2
oily,2
positive,2
glistening,2
thereabouts,2
firing,2
assuring,2
rate,2
streams,2
upward,2
“at,2
pointing,2
stack,2
insoluble,2
breasts,2
prudence,2
grin,2
philanthropic,2
smashup,2
trunks,2
clinging,2
starvation,2
fed,2
massacre,2
creatures,2
trousers,2
boots,2
wonderfully,2
backbone,2
books,2
badly,2
strips,2
exercise,2
groans,2
further,2
sends,2
“suddenly,2
doorstep,2
burnt,2
childish,2
appealing,2
upkeep,2
permanent,2
exasperating,2
habit,2
annoying,2
sixteen,2
neglected,2
gap,2
languidly,2
presented,2
volunteer,2
stones,2
repairs,2
gather,2
checks,2
fancied,2
stations,2
rumours,2
hang,2
praying,2
taint,2
unreal,2
pail,2
quart,2
beaten,2
screeching,2
shields,2
steal,2
charitable,2
acquaintances,2
mica,2
awfully,2
panel,2
brickmaker,2
pity,2
guidance,2
virtue,2
aunts,2
correspondence,2
appearing,2
courtyard,2
hurt,2
fetched,2
upset,2
handle,2
mars,2
mutter,2
detest,2
convey,2
dreamsensation,2
rivet,2
considerably,2
snapped,2
reached,2
sections,2
bowing,2
impressed,2
band,2
sulky,2
campstools,2
flight,2
lugging,2
greedy,2
leader,2
equipped,2
child,2
alongside,2
desolate,2
reported,2
unavoidable,2
gathered,2
wants,2
gesture,2
dishonouring,2
treacherous,2
sluggish,2
mob,2
shaved,2
steaming,2
tricks,2
price,2
ponderous,2
subdued,2
clapping,2
toiled,2
phantoms,2
conquered,2
remote,2
response,2
helping,2
steering,2
ornamental,2
vengeance,2
lip,2
picked,2
inquiry,2
lest,2
rapid,2
flopped,2
displayed,2
arguing,2
push,2
nevertheless,2
delay,2
blazing,2
outlines,2
twitched,2
essentially,2
settle,2
cloths,2
precarious,2
swallowed,2
skins,2
due,2
prolonged,2
dazzling,2
whiteness,2
shortly,2
ultimately,2
boys,2
guess,2
skin,2
soundingpole,2
veil,2
confused,2
exclamations,2
incomplete,2
anxiously,2
wounded,2
illuminating,2
arrow,2
concentrated,2
vigorous,2
addresses,2
tusks,2
expectation,2
midnight,2
unbounded,2
burning,2
serene,2
postscriptum,2
affirm,2
regret,2
affirmed,2
performed,2
scandalized,2
murmuring,2
boyish,2
overcast,2
rifles,2
enlarged,2
envy,2
nurse,2
direction,2
lately,2
aspirations,2
dried,2
group,2
apparition,2
satiated,2
charms,2
tenebrous,2
faced,2
aboard,2
ripe,2
duty,2
profession,2
blackness,2
nightmare,2
dew,2
ebbing,2
forced,2
sham,2
invisible,2
pride,2
loyalty,2
universe,2
compressed,2
streets,2
journalist,2
portrait,2
defend,2
fortunate,2
anger,2
paying,2
rules,2
registered,2
1,2
1c,2
foundation”,2
based,2
prominently,2
hart,2
damage,2
implied,2
widest,2
501c3,2
locations,2
solicit,2
updated,2
2,2
vanishing,2
box,2
dominoes,2
outwards,2
idol,2
lazily,2
brilliance,2
sank,2
crowded,2
captains,2
erect,2
fairway,2
seamen,2
express,2
direct,2
simplicity,2
remark,2
clouds,2
feelings,2
swamp,2
regrets,2
buddha,2
brute,2
navigation,2
invading,2
heavenly,2
south,2
inviting,2
rivers,2
patch,2
fascinated,2
dash,2
cheap,2
sorry,2
aunt,2
skipper,2
recover,2
easy,2
begun,2
desert,2
fascinating,2
squatted,2
sympathy,2
cheek,2
accordingly,2
irritation,2
theory,2
drawingroom,2
exceptional,2
workers,2
ways,2
embraced,2
enigma,2
blurred,2
flag,2
grotesque,2
energy,2
scare,2
swell,2
swaying,2
proceeding,2
farcical,2
funny,2
upcountry,2
rocky,2
rapids,2
ants,2
machinery,2
railway,2
advanced,2
collar,2
war,2
bursting,2
inches,2
proceedings,2
descended,2
strike,2
resist,2
exact,2
sooner,2
uninterrupted,2
rushing,2
pace,2
crouched,2
uncongenial,2
gleam,2
pocket,2
thread,2
interior,2
present,2
lamentable,2
tumult,2
entries,2
ours,2
bulging,2
council,2
ruins,2
gestures,2
interview,2
manners,2
ordinary,2
disclaim,2
indefinable,2
utterance,2
constant,2
messroom,2
civil,2
fidgeted,2
clay,2
approached,2
wished,2
beguiled,2
fun,2
matted,2
wondered,2
planet,2
conceive,2
adequate,2
intelligent,2
piled,2
ghastly,2
disturbed,2
delicate,2
wrapper,2
plants,2
reasonable,2
expedition,2
secrecy,2
cruel,2
top,2
setting,2
invariably,2
leg,2
display,2
notions,2
painfully,2
blade,2
inquire,2
excited,2
overwhelming,2
”,2
drive,2
hovel,2
ring,2
grimy,2
steampipes,2
frenzy,2
ugly,2
comprehend,2
inborn,2
deliberate,2
grunting,2
snags,2
dog,2
thumbed,2
chains,2
socks,2
strip,2
rail,2
waking,2
hostile,2
restraining,2
onslaught,2
superstition,2
primitive,2
lingering,2
torment,2
inexplicable,2
roughly,2
limb,2
supported,2
educated,2
striking,2
yelled,2
forms,2
hit,2
cane,2
hurriedly,2
pilgrim,2
temperature,2
impalpable,2
atrocious,2
holes,2
suppression,2
practically,2
practical,2
whatever,2
frighten,2
rudimentary,2
heavier,2
halfspeed,2
examining,2
movements,2
harlequin,2
possessed,2
towsons,2
problem,2
maximum,2
amused,2
proudly,2
pressing,2
murky,2
gorgeous,2
barbarous,2
superb,2
embrace,2
woke,2
droning,2
betray,2
horns,2
wistfulness,2
repeating,2
final,2
riverdemon,2
murmurs,2
images,2
unextinguishable,2
meanness,2
abominable,2
devour,2
unable,2
extensive,2
cousin,2
triumph,2
happy,2
royalties,2
concept,2
printed,2
available,2
obtaining,2
contain,2
90,2
computer,2
explanation,2
february,1
encoding,1
yawl,1
barges,1
canvas,1
companies,1
host,1
trustworthiness,1
periods,1
separation,1
cushion,1
toying,1
crosslegged,1
yacht,1
meditative,1
benign,1
angered,1
curved,1
rays,1
nation,1
john,1
franklin,1
titled,1
jewels,1
queens,1
adventurers,1
settlers,1
“interlopers”,1
eastern,1
lighthouse,1
ominously,1
immutability,1
finds,1
shell,1
nut,1
propensity,1
excepted,1
kernel,1
halos,1
visible,1
grunt,1
commander,1
em,1
trireme,1
legionaries,1
handy,1
orders,1
civilized,1
cheered,1
toga,1
dice,1
hate”,1
lotusflower,1
none,1
saves,1
colonists,1
grabbed,1
redeems,1
unselfish,1
sacrifice,1
overtaking,1
separating,1
traffic,1
deepening,1
sleepless,1
bit”,1
personally”,1
farthest,1
hindering,1
america,1
africa,1
hemispheres,1
hankering,1
gloriously,1
uncoiled,1
nasty,1
worry,1
job,1
personage,1
determined,1
killed,1
misunderstanding,1
wronged,1
quietest,1
selfrespect,1
jab,1
shoulderblades,1
calamities,1
engineer,1
freslevens,1
calamity,1
oversea,1
venetian,1
blinds,1
sprouting,1
strawbottomed,1
downcast,1
rainbow,1
amount,1
smears,1
orange,1
lagerbeer,1
ough,1
frockcoat,1
handleend,1
vaguely,1
disclose,1
outer,1
arriving,1
lap,1
placidity,1
piloted,1
fateful,1
knitter,1
eyebrow,1
led,1
sleeves,1
cravat,1
billowy,1
vein,1
vermouths,1
emptied,1
calipers,1
gaberdine,1
matteroffact,1
imperturbably,1
messieurs,1
advantages,1
reap,1
englishman,1
exposure,1
ladys,1
dignitary,1
sunset,1
flannel,1
slips,1
featureless,1
creeping,1
glisten,1
greyishwhitish,1
clustered,1
centuries,1
pinheads,1
pounded,1
popo,1
isolation,1
senseless,1
ensign,1
masts,1
dart,1
vanish,1
drollery,1
dissipated,1
ward,1
thickened,1
impotent,1
oppressive,1
pilgrimage,1
bridge,1
shuffling,1
tossed,1
contemptuously,1
turnedup,1
excavations,1
structures,1
farewell,1
boulders,1
undersized,1
rusty,1
clump,1
shady,1
toiling,1
balancing,1
baskets,1
clink,1
loins,1
bights,1
panted,1
quivered,1
raw,1
weapon,1
rascally,1
“instead,1
tender,1
counting,1
demands,1
greed,1
acquainted,1
weakeyed,1
insidious,1
avoided,1
quarry,1
ravine,1
imported,1
“black,1
abandonment,1
helpers,1
withdrawn,1
inefficient,1
moribund,1
swedes,1
badge,1
ornament,1
horrorstruck,1
loitering,1
elegance,1
bookkeeping,1
achievements,1
modestly,1
teaching,1
dusty,1
manufactured,1
cottons,1
brasswire,1
chaos,1
horizontal,1
desk,1
scented,1
trucklebed,1
ivorycountry,1
satisfactory,1
buzz,1
twohundredmile,1
everywhere,1
ravines,1
catching,1
dwellings,1
harness,1
watergourd,1
faroff,1
unbuttoned,1
stumbled,1
improvement,1
hillsides,1
weighed,1
mutiny,1
blankets,1
scrub,1
crazy,1
retired,1
volubility,1
command,1
remarkably,1
commonest,1
obeyed,1
effective,1
externals,1
external,1
diseases,1
mealtimes,1
unalterable,1
overfed,1
treat,1
provoking,1
idiot,1
aimlessly,1
faithless,1
capers,1
behaving,1
embers,1
bosom,1
forked,1
silvermounted,1
mats,1
knives,1
brick,1
straw,1
provoke,1
constantly,1
putting,1
superciliousness,1
furious,1
civilly,1
pray,1
ascended,1
serve,1
transgression,1
discussing,1
moaned,1
shiny,1
silver,1
strayed,1
inhabitants,1
scotch,1
shy,1
letting,1
liked,1
lifesensation,1
alone”,1
asleep,1
narrative,1
nightair,1
on”,1
fluently,1
tools,1
impossibility,1
rejects,1
plates,1
fasten,1
glazed,1
feared,1
hippopotamus,1
wasted,1
twisted,1
biscuittin,1
expended,1
laze,1
dangling,1
mechanics,1
despised,1
worker,1
locality,1
widower,1
sister,1
rave,1
exclaiming,1
lunatics,1
virgin,1
thundering,1
exuberant,1
entangled,1
branches,1
festoons,1
soundless,1
sweep,1
deadened,1
icthyosaurus,1
quarrelsome,1
trod,1
tents,1
instalments,1
loot,1
sworn,1
burglars,1
ostentation,1
climb,1
doze,1
forepart,1
remarks,1
rain,1
weather,1
bits,1
wits,1
“clear,1
rumble,1
invoice,1
elder,1
astounded,1
paddling,1
recovered,1
paces,1
unfair,1
endanger,1
fault,1
bothered,1
“each,1
hmm,1
flipper,1
diver,1
donkeys,1
traveling,1
earliest,1
distances,1
silvery,1
alligators,1
noisy,1
implacable,1
guessing,1
ripped,1
incidents,1
halfacrown,1
“try,1
listener,1
unpardonable,1
grateful,1
phoo,1
claps,1
exclusively,1
leisurely,1
bar,1
wanderers,1
accursed,1
inheritance,1
howled,1
thrilled,1
yours,1
rage,1
cloak,1
fly,1
woolen,1
bandages,1
improved,1
vertical,1
breeches,1
squinted,1
intrepidity,1
pate,1
impromptu,1
flatways,1
reeds,1
inclined,1
melancholy,1
unrecognizable,1
neatly,1
style,1
flapped,1
dwelling,1
lovingly,1
master,1
tenderness,1
purchases,1
studying,1
aided,1
engine,1
assumed,1
innocence,1
fretted,1
insight,1
pointed,1
lashed,1
creepers,1
gun,1
cap,1
shrieking,1
scared,1
dissolving,1
strangers,1
alert,1
grinned,1
broadchested,1
highhanded,1
eating,1
recondite,1
wrapped,1
amazes,1
baffle,1
quickening,1
interest,1
unappetizing,1
fitted,1
capacities,1
bereavement,1
dishonour,1
perdition,1
battlefield,1
whispers,1
desolated,1
risks,1
refuse,1
beset,1
cries,1
revile,1
bothering,1
mouse,1
purely,1
mile,1
overhung,1
rigidly,1
deepest,1
athletic,1
haul,1
whizzing,1
spokes,1
reinedin,1
foolnigger,1
whizz,1
shutterhole,1
evanescent,1
clattered,1
balance,1
shaft,1
gash,1
declare,1
frowned,1
shoelaces,1
striving,1
contemptible,1
deceitful,1
extravagance,1
mustnt,1
exploded,1
lingers,1
ghost,1
patted,1
lo,1
pampered,1
tusk,1
disparagingly,1
dug,1
pile,1
claimed,1
neighbours,1
gallows,1
thunderingly,1
backbreaking,1
england,1
regarded,1
indisputable,1
cats,1
civilization,1
misgivings,1
prepared,1
intimate,1
distant,1
dragged,1
pressed,1
hugged,1
ado,1
magpies,1
secondrate,1
duffer,1
funeral,1
danced,1
bloodthirsty,1
beggar,1
indignant,1
edged,1
interspersed,1
enclosure,1
halfadozen,1
ornamented,1
balls,1
cartwheel,1
persistently,1
cheerful,1
holland,1
elbows,1
binding,1
edging,1
frowns,1
finish,1
escorted,1
rattled,1
delight,1
gradually,1
school,1
reconciled,1
reproachful,1
dutch,1
narrated,1
keen,1
thief,1
accidents,1
improbable,1
essential,1
thoughtlessly,1
solely,1
unpractical,1
modest,1
self,1
meditated,1
becalmed,1
occasion,1
arch,1
intercourse,1
feat,1
searchingly,1
reluctance,1
hes,1
protested,1
indignantly,1
dare,1
sweeping,1
consciousness,1
shrugs,1
unmoved,1
mask,1
unapproachable,1
brusque,1
field,1
ornamentation,1
ruinous,1
result,1
mistake,1
industrious,1
ascend,1
impressive,1
shrunken,1
wanting,1
conception,1
proved,1
loudly,1
symbols,1
conditions,1
hasnt,1
waded,1
improvised,1
emptiness,1
landscape,1
pierced,1
darkfaced,1
knot,1
mercy,1
jaw,1
windingsheet,1
weirdly,1
ejected,1
shotguns,1
envelopes,1
“dark,1
statuesque,1
repose,1
steps,1
treading,1
helmet,1
leggings,1
wildeyed,1
hush,1
metal,1
unswerving,1
bared,1
formidable,1
nervously,1
hotly,1
quarter,1
mentally,1
damp,1
conversation,1
lowering,1
quieteh,1
promised,1
gravity,1
knotted,1
encounter,1
delights,1
stationhouse,1
wavered,1
columnar,1
adorers,1
humming,1
bees,1
pentup,1
shock,1
impending,1
jealous,1
chuckling,1
vapour,1
exhaled,1
cleverly,1
antelope,1
witchman,1
tormented,1
irresolutely,1
steadily,1
awakening,1
instincts,1
gratified,1
terrific,1
horrible,1
ton,1
noon,1
thumping,1
strutted,1
stamped,1
periodically,1
responses,1
satanic,1
eddy,1
“do,1
convulsively,1
anticipating,1
disconsolately,1
swerved,1
vital,1
comprehensive,1
disfavour,1
unforeseen,1
barren,1
haunted,1
elevated,1
frequented,1
avid,1
distinction,1
“sometimes,1
shines,1
enginedriver,1
nonsense,1
“anything,1
detail,1
successfully,1
“however,1
join,1
droll,1
merciless,1
underfoot,1
tepid,1
riddle,1
pronouncement,1
affirmation,1
echo,1
period,1
mistily,1
gulp,1
insignificant,1
assurance,1
perfect,1
behaviour,1
mark,1
documents,1
refused,1
scrap,1
circumstances,1
placed,1
invoked,1
incalculable,1
threat,1
statement,1
talents,1
sphere,1
politics,1
confessed,1
meetings,1
induced,1
“thus,1
girls,1
conveyed,1
personally,1
perception,1
ironic,1
accumulate,1
decorous,1
wellkept,1
voraciously,1
nobly,1
conquering,1
salvation,1
theirs,1
mahogany,1
condemning,1
columns,1
furniture,1
marble,1
hers,1
ashy,1
halo,1
trustful,1
deserves,1
“intimacy,1
admired,1
fixity,1
illumined,1
infer,1
accompaniment,1
illusion,1
sheen,1
treasured,1
“to,1
heartbroken,1
crying,1
rising,1
2190zip,1
commercial,1
httpgutenbergorglicense,1
indicate,1
downloading,1
accessed,1
derived,1
charges,1
1e3,1
1e4,1
remove,1
perform,1
binary,1
proprietary,1
expense,1
include,1
20,1
gross,1
derive,1
60,1
returns,1
1f,1
expend,1
identify,1
stored,1
transcription,1
remedies,1
actual,1
indirect,1
demand,1
disclaimers,1
interpreted,1
unenforceability,1
1f6,1
production,1
indirectly,1
alteration,1
modification,1
additions,1
deletions,1
c,1
obsolete,1
reaching,1
ein,1
salt,1
801,1
5961887,1
depends,1
machine,1
maintaining,1
50,1
confirmation,1
accepting,1
offers,1
card,1
library,1
produce,1
subscribe,1
author,1
2018,1
utf8,1
nellie,1
cruising,1
seareach,1
tanned,1
condensed,1
affectionately,1
nautical,1
pilot,1
convictions,1
lawyer,1
architecturally,1
ascetic,1
exquisite,1
pacifically,1
essex,1
marsh,1
radiant,1
fabric,1
draping,1
diaphanous,1
brilliant,1
unruffled,1
reverence,1
affection,1
evoke,1
francis,1
untitled,1
flashing,1
flanks,1
erebus,1
erith,1
india,1
spark,1
germs,1
threelegged,1
mudflat,1
also”,1
“has,1
wanderer,1
stayathome,1
suffices,1
spin,1
enveloping,1
likeness,1
spectral,1
romans,1
nineteen,1
mediterranean,1
overland,1
gauls,1
concertina,1
falernian,1
needle,1
skulking,1
rome,1
train,1
prefect,1
jungles,1
abomination,1
folded,1
“mind,1
boast,1
arising,1
flatter,1
noses,1
bow,1
pursuing,1
experiences,1
tellers,1
“yet,1
civilize,1
glories,1
exploration,1
steamboats,1
relations,1
fuss,1
gentlest,1
couple,1
asserting,1
whacked,1
whited,1
empire,1
coin,1
cracks,1
ungarnished,1
staircase,1
arid,1
purple,1
pioneers,1
whitehaired,1
plumpness,1
bon,1
seconds,1
undertook,1
knitted,1
feverishly,1
wart,1
tip,1
troubled,1
eerie,1
pall,1
upstairs,1
glorified,1
quoth,1
plato,1
disciples,1
resolution,1
dimensions,1
unshaven,1
searching,1
prove,1
dependency,1
fireside,1
riversteamboat,1
rot,1
ignorant,1
brightly,1
“after,1
imposter,1
twentyfour,1
hesitation,1
blamed,1
port,1
frowning,1
insipid,1
grimness,1
specks,1
settlements,1
bigger,1
levy,1
presumably,1
bassam,1
backcloth,1
paddled,1
eyeballs,1
shelling,1
projectile,1
insanity,1
earthy,1
catacomb,1
slime,1
writhe,1
seagoing,1
precision,1
francs,1
becomes,1
sooo,1
athwart,1
vigilantly,1
watchfully,1
mounds,1
waste,1
declivity,1
wooden,1
railwaytruck,1
tooted,1
footsteps,1
shells,1
meagre,1
dilated,1
deathlike,1
indifference,1
reclaimed,1
button,1
lusty,1
redeyed,1
divine,1
tumbled,1
wanton,1
headlong,1
launched,1
effaced,1
contracts,1
distinguish,1
glancing,1
“near,1
picture,1
pestilence,1
shins,1
breastbone,1
alpaca,1
snowy,1
necktie,1
parted,1
greenlined,1
penholder,1
desklife,1
splay,1
trickle,1
eternity,1
fiendishly,1
sting,1
elicited,1
composure,1
thoughtful,1
mild,1
homewardbound,1
insensible,1
tramp,1
fearful,1
farm,1
cottage,1
load,1
christian,1
escort,1
drunk,1
fainting,1
scornfully,1
slung,1
scientifically,1
rushes,1
nuisance,1
fishing,1
stealthy,1
intensified,1
respect,1
definite,1
faculty,1
jack,1
control,1
tropical,1
entrails,1
precedence,1
insolence,1
dumfounded,1
verandah,1
surrounding,1
invincible,1
prints,1
avenging,1
matches,1
horribly,1
reserved,1
standoffish,1
candles,1
plotting,1
intrigued,1
slandered,1
saints,1
sociable,1
discs,1
astonished,1
representing,1
arrested,1
champagne,1
prodigy,1
today,1
risen,1
pouring,1
punishment,1
bang,1
servile,1
spectrally,1
concealed,1
misunderstood,1
false,1
mephistopheles,1
precipitately,1
temple,1
menace,1
angel,1
fiend,1
vain,1
bewilderment,1
dreams”,1
reflecting,1
clue,1
mangled,1
wantonly,1
superiors,1
heaven,1
stooping,1
afloat,1
grounds,1
curt,1
puzzled,1
hopeful,1
huntley,1
palmer,1
foreman,1
enthusiast,1
connoisseur,1
serviette,1
scrambled,1
jig,1
capered,1
clatter,1
rioting,1
snorts,1
bath,1
visitation,1
footsore,1
spoils,1
foresight,1
tear,1
cunning,1
infested,1
drowsiness,1
prime,1
vexed,1
attempting,1
headquarters,1
species,1
competition,1
beacon,1
instructing”,1
sagacious,1
relative,1
extend,1
confronted,1
aloud,1
ridiculous,1
closes,1
animals,1
comparatively,1
stretches,1
sunned,1
broadening,1
shoals,1
unrestful,1
discern,1
fades,1
beg,1
trick,1
float,1
sin,1
depressing,1
hovering,1
descent,1
grassroofs,1
cursing,1
welcoming,1
comprehension,1
frankness,1
stripped,1
fiendish,1
whos,1
circumvent,1
surfacetruth,1
parody,1
hindlegs,1
watergauge,1
scars,1
thrall,1
witchcraft,1
firewood,1
signature,1
adversely,1
sadly,1
softness,1
illustrative,1
enthralling,1
humble,1
delicious,1
unmistakably,1
astounding,1
margin,1
text,1
dimly,1
intruder,1
tiptoe,1
flickers,1
pick,1
resignation,1
advisable,1
unreasonably,1
lightest,1
unnatural,1
splash,1
clammy,1
smoothly,1
greased,1
opaque,1
complaining,1
modulated,1
discords,1
tumultuous,1
culminated,1
intolerably,1
stiffened,1
sandy,1
openmouthed,1
concerned,1
butchered,1
greatly,1
darkblue,1
ringlets,1
fellowships,1
dignified,1
inherited,1
anybodys,1
hullabaloo,1
currency,1
snare,1
eatable,1
halfcooked,1
dough,1
tuckin,1
glossy,1
play,1
pervaded,1
playful,1
trifling,1
impulses,1
breeze,1
ferocity,1
scruple,1
corpses,1
desperate,1
quarrelling,1
sincere,1
authorize,1
castle,1
obvious,1
penetrable,1
vent,1
apathy,1
choking,1
stifling,1
repulse,1
aggressive,1
undertaken,1
hummock,1
shoal,1
ranks,1
astern,1
spent,1
perched,1
sported,1
abruptly,1
furnace,1
ducked,1
landside,1
foolhelmsman,1
swarms,1
whoop,1
deafened,1
twist,1
foreseen,1
traversed,1
leaping,1
gleaming,1
tremulous,1
wail,1
commotion,1
understandable,1
deathmask,1
dubious,1
tones,1
pulsating,1
devilgod,1
howling,1
flared,1
worn,1
downward,1
draws,1
advance,1
“absurd”,1
stay,1
frontal,1
withered,1
veins,1
stacks,1
enjoy,1
fixed,1
pavement,1
cheer,1
neighbour,1
faithfulness,1
assaulted,1
smells,1
contaminated,1
unostentatious,1
obscure,1
initiated,1
halfenglish,1
contributed,1
appropriately,1
preside,1
reluctantly,1
peroration,1
tingle,1
magic,1
scrawled,1
exposition,1
altruistic,1
blazed,1
repeatedly,1
dustbin,1
sweepings,1
bitter,1
tainted,1
sahara,1
instrument,1
deficiencies,1
“poor,1
wisp,1
awningdeck,1
flock,1
promptitude,1
embalm,1
avenged,1
slaughter,1
tops,1
aim,1
maintained,1
protests,1
beckoning,1
engines,1
manoeuvred,1
patching,1
encouragingly,1
severe,1
exaltation,1
waved,1
despondency,1
gabbled,1
introduce,1
tambov,1
smoke”,1
youthfully,1
persuaded,1
ecstatically,1
laughed,1
pursued,1
motley,1
absconded,1
mimes,1
particoloured,1
indestructible,1
unscathed,1
adventure,1
eager,1
fatalism,1
rubbing,1
passionately,1
thunder,1
illness,1
suffered,1
begged,1
completed,1
prison,1
helpless,1
windowholes,1
attempts,1
expressive,1
disturbing,1
vultures,1
endless,1
disclosing,1
lacked,1
inaccessible,1
admirer,1
obviously,1
conduct,1
tries,1
disciple,1
drop,1
mouthful,1
downhill,1
splendour,1
rustle,1
shrillness,1
poured,1
halfway,1
commandingly,1
covering,1
swallow,1
perceptible,1
revolvercarbine,1
littered,1
composed,1
languor,1
silently,1
eyed,1
elephant,1
halfshaped,1
glint,1
uncontrollable,1
gathering,1
storeroom,1
dialect,1
interfering,1
disguising,1
deny,1
anticipated,1
shows,1
emphasis,1
unseen,1
stammering,1
happens,1
remembering,1
discretion,1
helped,1
soles,1
recite,1
starred,1
picket,1
blacks,1
rise,1
vigil,1
shocks,1
narcotic,1
dozed,1
abrupt,1
unnerved,1
unconnected,1
define,1
odious,1
raise,1
alarm,1
awakened,1
clenched,1
fists,1
drubbing,1
age,1
starlight,1
strangely,1
semicircle,1
circumventing,1
issued,1
confronting,1
vigour,1
nearest,1
fiendlike,1
raising,1
hail,1
speakingtrumpet,1
unlawful,1
ordeal,1
blindly,1
feathers,1
mangy,1
pendent,1
litany,1
helmeted,1
brink,1
roaring,1
fiery,1
lark,1
flinch,1
wastes,1
revolving,1
subjects,1
utterances,1
mould,1
accomplish,1
photograph,1
shoestring,1
prying,1
rehearsing,1
article,1
furthering,1
precipice,1
straighten,1
bolts,1
hammers,1
ratchetdrills,1
forge,1
scrapheap,1
shakes,1
transfixed,1
ruthless,1
opposite,1
sealing,1
unexpressed,1
“mistah,1
brutally,1
muddy,1
wrestled,1
summed,1
inappreciable,1
resenting,1
hurrying,1
safety,1
flauntings,1
affairs,1
grinning,1
inquiries,1
package,1
spectacled,1
unexplored,1
regions,1
calling,1
relatives,1
incidentally,1
flowing,1
coatcollar,1
painter,1
snuff,1
handkerchief,1
senile,1
popular,1
furry,1
eyebrows,1
bristly,1
eyeglass,1
electrified,1
reservation,1
impulse,1
phantombearers,1
obedient,1
pleading,1
bell,1
loathing,1
gilt,1
piano,1
sarcophagus,1
girlish,1
grown,1
confident,1
playthings,1
despairing,1
motioned,1
silencing,1
dumbness,1
louder,1
certitude,1
thirsty,1
engagement,1
disapproved,1
rich,1
impatience,1
poverty,1
crowds,1
“yes,1
generosity,1
twilight,1
window,1
bedecked,1
subsided,1
“ah,1
chest,1
“forgive,1
persistent,1
exulting,1
weeping,1
rendered,1
altogether”,1
apply,1
reports,1
accept,1
trademarkcopyright,1
compilation,1
addition,1
whenever,1
viewed,1
indicating,1
imposed,1
unlink,1
detach,1
containing,1
1e5,1
processing,1
hypertext,1
request,1
calculated,1
legally,1
required,1
periodic,1
address,1
notifies,1
30,1
require,1
codes,1
distributor,1
liable,1
elect,1
merchantibility,1
fitness,1
types,1
invalidity,1
indemnity,1
employee,1
hundreds,1
gutenbergtms,1
ensuring,1
secure,1
learn,1
httpwwwpglaforg,1
non,1
organized,1
granted,1
identification,1
4557,1
melan,1
ak,1
numerous,1
ut,1
84116,1
licensed,1
outdated,1
5000,1
committed,1
determine,1
solicitation,1
treatment,1
credit,1
httppglaforgdonate,1
shared,1
pg,1
facility,1
httpwwwgutenbergorg,1
1995,1
219,1
drifting,1
clusters,1
sprits,1
flatness,1
seaward,1
estuary,1
tolerant,1
rug,1
mizzenmast,1
gauzy,1
imperceptible,1
stricken,1
decline,1
race,1
peopled,1
venerable,1
departs,1
abiding,1
unceasing,1
battles,1
hind,1
pass,1
sailed,1
greenwich,1
admirals,1
sacred,1
seed,1
strongly,1
class,1
minds,1
veiled,1
spree,1
unfold,1
brings,1
illumination,1
moonshine,1
surprising,1
keeps,1
marshes,1
wine,1
hay,1
citizen,1
taxgatherer,1
stirs,1
“mind”,1
preaching,1
european,1
murder,1
to”,1
freshwater,1
unaware,1
ocean,1
hardest,1
maps,1
australia,1
spaces,1
glamours,1
lakes,1
curving,1
shopwindow,1
continental,1
quarrel,1
mercilessly,1
yell,1
tentative,1
expecting,1
commanded,1
huts,1
fortyeight,1
sepulchre,1
offices,1
ajar,1
somnambulist,1
dress,1
umbrellacover,1
voyage,1
silverrimmed,1
youths,1
countenances,1
uncanny,1
guarding,1
scrutinizing,1
ave,1
morituri,1
salutant,1
shabby,1
inkstains,1
shaped,1
boot,1
proposed,1
joke,1
observation,1
hastened,1
chat,1
confidences,1
twopennyhalfpenny,1
uncomfortable,1
ventured,1
hire,1
contentedly,1
landing,1
officers,1
darkgreen,1
untouched,1
toll,1
gran,1
belong,1
passenger,1
perspiration,1
masks,1
rag,1
pop,1
merry,1
bordered,1
mangroves,1
lanky,1
wharf,1
roofs,1
barracklike,1
blinked,1
detonation,1
puff,1
waggled,1
tails,1
rib,1
joints,1
rope,1
rhythmically,1
violently,1
forces,1
hoisted,1
chaingang,1
fend,1
foresaw,1
rapacious,1
artificial,1
scar,1
circle,1
inferno,1
stirred,1
soil,1
confusedly,1
greenish,1
unfamiliar,1
sickened,1
orbs,1
worsted,1
propitiatory,1
acute,1
weariness,1
lapped,1
haste,1
getup,1
miracle,1
suggestion,1
indissolubly,1
hairdressers,1
dummy,1
gotup,1
shirtfronts,1
blush,1
distaste,1
rubbishy,1
faultless,1
perching,1
stool,1
exhibited,1
gentle,1
distract,1
clerical,1
groan,1
uncouth,1
twentieth,1
crossed,1
alluding,1
transactions,1
treetops,1
chilly,1
stony,1
weapons,1
yokels,1
pathetically,1
sinking,1
swelling,1
suggestive,1
camping,1
hospitable,1
festive,1
fleshy,1
pairs,1
fifteenth,1
hobbled,1
gate,1
excitable,1
digressions,1
significance,1
sunk,1
“my,1
applied,1
mistrust,1
organizing,1
rout,1
pompously,1
quarrels,1
uncivil,1
relieved,1
explanations,1
jeopardy,1
muttering,1
nicety,1
estimated,1
rapacity,1
corpse,1
“oh,1
dipped,1
collapsed,1
fiercely,1
unfortunate,1
likely,1
occupation,1
backbiting,1
intriguing,1
earn,1
percentages,1
effectually,1
allowing,1
ride,1
kick,1
pumping,1
shameless,1
sketch,1
oils,1
halfpint,1
medical,1
comforts,1
painted,1
says,1
dawned,1
listlessly,1
proceeded,1
indefatigable,1
papiermache,1
poke,1
planning,1
layer,1
expectant,1
confoundedly,1
bring,1
sailmaker,1
straighter,1
appalls,1
temperament,1
story,1
relation,1
epoch,1
know”,1
pitch,1
letterbag,1
dictation,1
salvage,1
apprehend,1
bears,1
gutter,1
imperfect,1
prospered,1
pigeonflying,1
rinsing,1
solemnly,1
slapped,1
mysteriously,1
obscured,1
boughs,1
crested,1
topple,1
splashes,1
bales,1
deepen,1
equitable,1
thieving,1
reckless,1
atom,1
enterprise,1
neighbourhood,1
paunch,1
confab,1
slide,1
meditation,1
assistant,1
me”,1
impudence,1
questioned,1
decided,1
pluck,1
imperfectly,1
pestilential,1
outlast,1
series,1
humanizing,1
ass,1
choked,1
spat,1
hats,1
absorbed,1
slender,1
flourish,1
sunlit,1
lurking,1
meeting,1
“going,1
hippos,1
islands,1
fluke,1
sly,1
respective,1
tightropes,1
tumble,1
heartache,1
shivered,1
scrape,1
wake,1
pushing,1
enlisted,1
sniff,1
skirts,1
tumbledown,1
captive,1
winding,1
massive,1
hugging,1
leaking,1
sustained,1
heralded,1
secretly,1
sane,1
accustomed,1
shackled,1
spun,1
trace,1
gape,1
acquisitions,1
silenced,1
wiser,1
edifying,1
feather,1
training,1
steamgauge,1
useful,1
thirst,1
fearfully,1
illegible,1
rubbish,1
covers,1
stitched,1
afresh,1
points,1
seamanship,1
navy,1
handled,1
professional,1
referring,1
description,1
shelter,1
gasp,1
openly,1
conclusion,1
futility,1
meddling,1
“towards,1
daylight,1
caution,1
slenderest,1
fish,1
grooves,1
heave,1
rattle,1
unexpectedness,1
tucked,1
dashed,1
darting,1
contrast,1
expressions,1
satisfaction,1
artfully,1
aha,1
bloodshot,1
widening,1
horrified,1
increasingly,1
selfdefence,1
worked,1
tins,1
hegoat,1
honourable,1
lumps,1
sustenance,1
gnawing,1
pawstrokes,1
preliminary,1
test,1
devilry,1
prowling,1
“two,1
able,1
grubbing,1
dangers,1
princess,1
attempted,1
irresistible,1
unrestrained,1
expounded,1
proximity,1
lecture,1
cottonwool,1
stress,1
protective,1
islet,1
grassy,1
discoloured,1
awash,1
depth,1
entered,1
overgrown,1
serried,1
thickly,1
sounding,1
decked,1
teakwood,1
stanchions,1
unstable,1
prey,1
funk,1
patter,1
clumsily,1
champing,1
staggering,1
swing,1
swarming,1
straightened,1
overhanging,1
yelling,1
wrenching,1
clutched,1
lunged,1
darkred,1
gripping,1
helm,1
frown,1
inconceivably,1
substance,1
travelled,1
discoursing,1
connect,1
jealousy,1
bartered,1
stolen,1
preeminently,1
moored,1
appetites,1
“girl,1
mention,1
literally,1
stepping,1
delicately,1
asylums,1
untrammelled,1
innate,1
honoured,1
partly,1
father,1
halffrench,1
highstrung,1
seventeen,1
strikes,1
development,1
enthusiasm,1
entreated,1
figuratively,1
witchdance,1
selfseeking,1
grain,1
tight,1
fainted,1
“through,1
rare,1
summit,1
waterside,1
prudently,1
urging,1
reminded,1
withal,1
beautifully,1
lodged,1
holed,1
charming,1
pugnose,1
brightened,1
vivaciously,1
cleanup,1
overwhelmed,1
hinted,1
twinkling,1
brotherly,1
enlarge,1
tradinghouse,1
twentyfive,1
dutchman,1
hesitated,1
shamefacedly,1
round”,1
iii,1
troupe,1
existed,1
destitution,1
purchase,1
gallantly,1
uncalculating,1
lounging,1
“on,1
contrary,1
causes,1
illnesses,1
risky,1
rule,1
expeditions,1
raided,1
friendly,1
hunt,1
binoculars,1
bringing,1
fighting,1
absent,1
material,1
peeping,1
square,1
nearer,1
knobs,1
puzzling,1
knob,1
deliberately,1
slumber,1
lusts,1
echoed,1
ascendancy,1
camps,1
uncomplicated,1
veriest,1
compare,1
medicine,1
compact,1
attentive,1
uplifted,1
resented,1
german,1
seven,1
astir,1
voracious,1
aspiration,1
jupiter,1
roamed,1
flitting,1
indistinctly,1
headdresses,1
striped,1
ornaments,1
knee,1
fecund,1
resolve,1
draperies,1
failed,1
gleamed,1
risking,1
peddling,1
consistently,1
cautious,1
suffer,1
“unsound,1
method”,1
partisan,1
victorious,1
corruption,1
tapped,1
immortals,1
stated,1
regard,1
suspected,1
thinks,1
truly,1
thanks,1
handful,1
tucking,1
excellently,1
crooked,1
chanting,1
hive,1
halfawake,1
outcry,1
abstract,1
merest,1
fraction,1
composing,1
pacified,1
buttoned,1
slumbers,1
“as,1
rapidly,1
improper,1
loomed,1
fisticuffs,1
intimacy,1
throttle,1
pleaded,1
throttling,1
brutal,1
passions,1
incantations,1
bounds,1
invoke,1
therein,1
withering,1
conscious,1
quivering,1
evolutions,1
plastered,1
restlessly,1
bunch,1
wedged,1
speed,1
discoursed,1
obsequiously,1
diabolic,1
secular,1
forerunner,1
blessings,1
piloting,1
noxious,1
rightly,1
newspaper,1
rust,1
spanners,1
tended,1
wearily,1
tremulously,1
rent,1
craven,1
questioning,1
“all,1
adventures,1
arrangement,1
unexciting,1
contest,1
glory,1
defeat,1
sickly,1
scepticism,1
adversary,1
breadth,1
stride,1
defeats,1
terrors,1
infamous,1
irritating,1
tottered,1
inexcusable,1
nursing,1
goldrimmed,1
denominate,1
argued,1
territories,1
commerce,1
ended,1
private,1
musician,1
grey,1
memoranda,1
extremist,1
assented,1
handed,1
publication,1
truthfulness,1
oblivion,1
necessities,1
impress,1
alley,1
tempestuous,1
horror”,1
ceiling,1
floating,1
mature,1
suffering,1
cloudy,1
refuge,1
brow,1
summing,1
condemnation,1
grows,1
unsteadily,1
“love,1
comparative,1
defended,1
mournfully,1
sacrificed,1
needed,1
shakily,1
“repeat,1
menacingly,1
meditating,1
named,1
replace,1
renamed,1
specific,1
modified,1
1a,1
abide,1
cease,1
1b,1
pglaf,1
easily,1
govern,1
countries,1
representations,1
linked,1
redistribute,1
convert,1
nonproprietary,1
version,1
viewing,1
calculate,1
“information,1
transcribe,1
proofread,1
despite,1
inaccurate,1
corrupt,1
disk,1
1f2,1
negligence,1
f3,1
consequential,1
punitive,1
incidental,1
discover,1
opportunities,1
fix,1
asis,1
1f5,1
allow,1
violates,1
indemnify,1
synonymous,1
exists,1
walks,1
financial,1
assistance,1
mississippi,1
internal,1
revenue,1
646221541,1
extent,1
fairbanks,1
99712,1
businesspglaforg,1
gregory,1
newby,1
executive,1
accessible,1
array,1
regulating,1
charities,1
prohibition,1
donors,1
gratefully,1
confirmed,1
edition,1
search,1
release,1
flutter,1
welded,1
joint,1
personified,1
realize,1
virtues,1
palms,1
unstained,1
rises,1
dignity,1
vivid,1
flush,1
tidal,1
runs,1
drake,1
knightserrant,1
golden,1
rotund,1
visited,1
highness,1
gigantic,1
conquests,1
deptford,1
commissioned,1
“generals”,1
fleets,1
hunters,1
pursuers,1
sword,1
commonwealths,1
empires,1
chapman,1
lurid,1
earth”,1
represent,1
changing,1
glide,1
disdainful,1
ignorance,1
mistress,1
cracked,1
episode,1
dye,1
tempests,1
exile,1
brag,1
ravenna,1
fortunes,1
detestable,1
merely,1
squeeze,1
conquerors,1
robbery,1
sentimental,1
joining,1
fated,1
inconclusive,1
tales,1
culminating,1
london,1
indian,1
pacific,1
china,1
dose,1
loafing,1
resting,1
grow,1
boyhood,1
departure,1
dane,1
hammer,1
enclosures,1
employers,1
prejudice,1
finding,1
ponderously,1
preceded,1
colours,1
skinny,1
beckoned,1
sanctuary,1
writingdesk,1
structure,1
fortyfive,1
document,1
conspiracy,1
younger,1
footwarmer,1
indifferent,1
te,1
sorrows,1
toe,1
joviality,1
expressed,1
cool,1
sententiously,1
threadbare,1
crania,1
madness,1
alienist,1
erroneous,1
avoid,1
tropics,1
soothingly,1
represented,1
fortune,1
capital,1
apostle,1
humbug,1
weaning,1
labourer,1
knock,1
drip,1
expanse,1
godforsaken,1
flagpole,1
farce,1
acted,1
idleness,1
sombreness,1
delusion,1
momentary,1
sang,1
vitality,1
straightforward,1
manofwar,1
wars,1
limp,1
muzzles,1
hull,1
slimy,1
feeble,1
lugubrious,1
overheated,1
formless,1
particularized,1
grew,1
invited,1
morose,1
gait,1
bitterness,1
shuffled,1
gods,1
hovered,1
inhabited,1
devastation,1
jetty,1
recrudescence,1
wallowing,1
wheels,1
horn,1
rock,1
objectless,1
blasting,1
wound,1
outraged,1
stonily,1
product,1
despondently,1
alacrity,1
reassured,1
climbed,1
resisting,1
according,1
strong,1
finally,1
obliquely,1
sandpit,1
drainagepipes,1
settlement,1
legality,1
reclined,1
enormous,1
biscuits,1
bundles,1
angles,1
overcome,1
woolly,1
oiled,1
mentioned,1
demoralization,1
sport,1
linen,1
accomplished,1
applepie,1
departed,1
accountants,1
stabbed,1
laying,1
pen,1
tramping,1
babble,1
tearfully,1
“next,1
stampedin,1
hills,1
ablaze,1
stamp,1
shuffle,1
60lb,1
cook,1
bells,1
zanzibaris,1
bullethole,1
jibbed,1
sneaked,1
wrecked,1
skinned,1
smelly,1
enclosed,1
twentymile,1
trenchant,1
axe,1
otherwise,1
speeches,1
employed,1
parts,1
initiative,1
health,1
constitutions,1
originated,1
routine,1
upriver,1
playing,1
irritable,1
anxiety,1
startlingly,1
requisite,1
redeeming,1
whiff,1
consume,1
trash,1
smoking,1
advantage,1
gentlemanly,1
spy,1
aristocrat,1
dressingcase,1
assegais,1
trophies,1
chatted,1
baffled,1
chills,1
prevaricator,1
yawned,1
torchlight,1
bottle,1
obliged,1
declaim,1
specially,1
recommended,1
producing,1
whence,1
conflagrations,1
heartiness,1
ha,1
muffs,1
gesticulating,1
disposition,1
dirt,1
broadly,1
jabbered,1
flavour,1
mortality,1
captured,1
penetrating,1
“of,1
listeners,1
split,1
messenger,1
handkerchiefs,1
unresponsive,1
exasperated,1
inform,1
demanded,1
o,1
goodnight,1
battered,1
clambered,1
chummed,1
yellowfaced,1
tie,1
hovels,1
wave,1
theyll,1
confidently,1
infliction,1
tan,1
elevation,1
disorderly,1
outfit,1
shops,1
division,1
inextricable,1
buccaneers,1
hardihood,1
bowels,1
exterior,1
there”,1
ii,1
dictated,1
unpleasant,1
sentences,1
dispose,1
hoarsely,1
reply,1
ease,1
inducement,1
explained,1
paddlers,1
continue,1
lone,1
conducted,1
snatches,1
approve,1
pestiferous,1
indignation,1
switching,1
beckon,1
unequal,1
bending,1
deserved,1
prospect,1
butted,1
resemble,1
clap,1
smartly,1
monkey,1
marlow”,1
wade,1
stink,1
reverberating,1
begrimed,1
portico,1
bet,1
prayer,1
dawns,1
droop,1
foliage,1
wondering,1
madhouse,1
monster,1
humanity,1
valour,1
whitelead,1
blanket,1
whiles,1
filed,1
patterns,1
transparent,1
tatters,1
pencilwriting,1
deciphered,1
commented,1
imbecility,1
telegraphic,1
twill,1
rude,1
plank,1
majestys,1
dreary,1
diagrams,1
repulsive,1
tables,1
antiquity,1
dissolve,1
honest,1
pencilled,1
friendship,1
lame,1
malevolently,1
observed,1
sober,1
fumed,1
essentials,1
suspicious,1
ripples,1
trance,1
shift,1
lifts,1
towering,1
sliding,1
obstinately,1
stammered,1
whiskers,1
sidespring,1
incontinently,1
awed,1
discomposed,1
curtly,1
profoundly,1
countless,1
teach,1
shocking,1
legitimate,1
buy,1
salary,1
lavender,1
weigh,1
muscles,1
probability,1
vanity,1
everlastingly,1
weaknesses,1
beliefs,1
chaff,1
hyena,1
foam,1
unfathomable,1
slightest,1
shipwreck,1
perish,1
defer,1
civility,1
enchanted,1
reasons,1
lift,1
boding,1
delivered,1
defensive,1
commencement,1
floundered,1
sandbank,1
western,1
narrower,1
sheered,1
inshore,1
forbearing,1
scow,1
contained,1
loaded,1
steeringwheel,1
belonging,1
earrings,1
ankles,1
swagger,1
poleman,1
level,1
tangled,1
foamed,1
vshaped,1
peering,1
poisoned,1
squirts,1
glinting,1
blown,1
pool,1
astarboard,1
agitated,1
lustrous,1
uttering,1
twitching,1
glassiness,1
grab,1
morbidly,1
immensely,1
“for,1
dominant,1
disgusted,1
discovery,1
swindled,1
flow,1
unto,1
club,1
robbed,1
lord,1
tobacco”,1
anchors,1
nervousness,1
fortitude,1
inestimable,1
jabber,1
lie”,1
disinterred,1
impressively,1
caressed,1
flesh,1
devilish,1
spoiled,1
heaps,1
shanty,1
parcel,1
prodigious,1
peal,1
laughter,1
reflection,1
holy,1
scandal,1
gain,1
wraith,1
nerves,1
dances,1
rites,1
argument,1
deity,1
exert,1
exotic,1
benevolence,1
interrupt,1
sentiment,1
exterminate,1
pamphlet,1
sand,1
profundity,1
jerking,1
operation,1
desperately,1
tipped,1
snatched,1
congregated,1
heartless,1
likewise,1
inadmissible,1
redhaired,1
gingery,1
confidentially,1
clapped,1
trimmed,1
drift,1
attacked,1
coloured,1
gay,1
neat,1
beardless,1
peeling,1
chasing,1
countenance,1
windswept,1
autumn,1
advised,1
wheres,1
soothed,1
solemn,1
tongue,1
baby,1
enjoyment,1
hindleg,1
kiss,1
restrained,1
youve,1
nod,1
astonishment,1
succeeded,1
manage,1
wanderings,1
unreflecting,1
seduced,1
onwards,1
privation,1
bepatched,1
envied,1
unavoidably,1
encamped,1
isnt,1
objected,1
occupied,1
limit,1
sighs,1
explaining,1
appetite,1
directed,1
view,1
jocose,1
gratification,1
deficiency,1
counsel,1
irresistibly,1
core,1
dared,1
drying,1
lightless,1
monologues,1
excessively,1
definition,1
rebellious,1
waistdeep,1
enchantment,1
petrified,1
extended,1
jerks,1
emerged,1
cage,1
animated,1
menaces,1
staggered,1
thunderbolts,1
cabins,1
belated,1
exhaustion,1
recommendations,1
volume,1
emitted,1
factitious,1
measured,1
gauntlets,1
crimson,1
necklaces,1
witchmen,1
depended,1
steadiness,1
“if,1
fortnight,1
mischief,1
interrupting,1
principle,1
exulted,1
breathed,1
lumped,1
weight,1
oppressing,1
affect,1
illwill,1
overheard,1
yeees,1
canoe,1
sailors,1
sandalwise,1
rooted,1
renewed,1
phenomenon,1
fitfully,1
incantation,1
bewildered,1
overpowering,1
thrust,1
ulster,1
snored,1
exultation,1
obtruded,1
unarmed,1
sparkling,1
cocksure,1
proportion,1
sorcerer,1
aversion,1
utterly,1
irretrievably,1
smash,1
throb,1
drone,1
lively,1
degradation,1
everyday,1
suggestiveness,1
barring,1
sins,1
wiped,1
acutely,1
gourd,1
chorus,1
articulated,1
breathless,1
colourless,1
gasping,1
dodged,1
tragically,1
anxieties,1
numbered,1
“kurtz,1
bedside,1
fought,1
contemptibly,1
desired,1
railwaystations,1
limits,1
recognition,1
massacres,1
wring,1
island,1
cylinders,1
connectingrod,1
filings,1
nuts,1
abominate,1
fortunately,1
dining,1
leaned,1
insolent,1
dinner,1
callous,1
logic,1
crop,1
spectators,1
ultimate,1
hairs,1
humiliation,1
piercing,1
penetrate,1
candour,1
glimpsed,1
evanescence,1
summingup,1
satisfactions,1
translucently,1
crystal,1
shuddering,1
filch,1
cookery,1
beer,1
trespassed,1
offensive,1
enlighten,1
respectable,1
persons,1
seldom,1
endeavours,1
cleanshaved,1
circuitous,1
suavely,1
smallest,1
owing,1
problems,1
sniffing,1
organist,1
paint,1
noisily,1
colleague,1
visitor,1
cropped,1
ribbon,1
expansive,1
plunder,1
manipulation,1
concluded,1
fulfilment,1
lurk,1
cemetery,1
insatiable,1
worshippers,1
threats,1
desires,1
personal,1
hm,1
glassy,1
embracing,1
bedraped,1
backs,1
curves,1
fireplace,1
monumental,1
massively,1
surfaces,1
forever,1
fidelity,1
visage,1
guileless,1
nay,1
strained,1
distinctly,1
admire,1
inextinguishable,1
deepened,1
easing,1
pauper,1
soughing,1
saving,1
“what,1
glimmer,1
promise,1
generous,1
retreating,1
fading,1
mourned,1
insisted,1
ebb”,1
2190txt,1
httpwwwgutenbergorg21219,1
previous,1
performances,1
1d,1
1e2,1
1e6,1
exporting,1
alternate,1
profits,1
taxes,1
owed,1
discontinue,1
1f1,1
“defects”,1
data,1
infringement,1
damaged,1
virus,1
“right,1
refund”,1
described,1
strict,1
receiving,1
1f4,1
exclusion,1
void,1
critical,1
goals,1
2001,1
educational,1
corporation,1
httppglaforgfundraising,1
deductible,1
principal,1
throughout,1
809,1
1500,1
gbnewbypglaforg,1
survive,1
increasing,1
irs,1
paperwork,1
unsolicited,1
statements,1
donation,1
5,1
professor,1
originator,1
includes,1
newsletter,1
